a,a
b,b
c,c
d,d
contribute,donatenow
donate,donatenow
give,donatenow
8,donatenow
8. Donate Now,donatenow
e,e
2. Emergency Contacts,emergencycontacts
Emergency Contacts,emergencycontacts
helpline,emergencycontacts
help line,emergencycontacts
contact,emergencycontacts
phone number,emergencycontacts
contact number,emergencycontacts
2,emergencycontacts
f,f
g,g
h,h
i,i
j,j
k,k
1,lateststatistics
data,lateststatistics
Numbers,lateststatistics
Latest Numbers,lateststatistics
1. Latest Statistics,lateststatistics
m,m
List,menu
Options,menu
0,menu
5. Mythbusters ,mythbusters
5,mythbusters
myth,mythbusters
mythbusters,mythbusters
press,newsandpress
news,newsandpress
updates,newsandpress
information,newsandpress
7. News and Press,newsandpress
7,newsandpress
media,newsandpress
Precautions,protectyourself
3. Protect Yourself,protectyourself
3,protectyourself
Protect Yourself,protectyourself
Protect Myself,protectyourself
Protection,protectyourself
Protect,protectyourself
advice,traveladvice
travel,traveladvice
Journey,traveladvice
travel advice,traveladvice
6,traveladvice
6. Travel Advice  ,traveladvice
questions,yourquestionsanswered
4. Your questions answered,yourquestionsanswered
4,yourquestionsanswered
doubts,yourquestionsanswered
answers,yourquestionsanswered
questions and answers,yourquestionsanswered
queries,yourquestionsanswered
enquiry,yourquestionsanswered
inquiry,yourquestionsanswered
